id,title,link,category
1,paper title,,Unknown
2,paper title,,Unknown
3,paper title,,Unknown
4,paper title,,Unknown
5,paper title,,Unknown
6,paper title,,Unknown
7,paper title,,Unknown
8,paper title,,Unknown
9,paper title,,Unknown
10,paper title,,Unknown
11,paper title,,Unknown
12,paper title,,Unknown
13,paper title,,Unknown
14,paper title,,Unknown
15,paper title,,Unknown
16,paper title,,Unknown
17,paper title,,Unknown
18,paper title,,Unknown
19,paper title,,Unknown
20,paper title,,Unknown
21,paper title,,Unknown
22,paper title,,Unknown
23,paper title,,Unknown
24,paper title,,Unknown
25,paper title,,Unknown
26,paper title,,Unknown
27,paper title,,Unknown
28,paper title,,Unknown
29,paper title,,Unknown
30,paper title,,Unknown
31,paper title,,Other
32,paper title,,Other
33,paper title,,Other
34,paper title,,Other
35,paper title,,Other
36,paper title,,Other
37,paper title,,Other
38,paper title,,Other
39,paper title,,Other
40,paper title,,Other
41,paper title,,Other
42,paper title,,Other
43,paper title,,Other
44,paper title,,Other
45,paper title,,Other
46,paper title,,Other
47,paper title,,Other
48,paper title,,Other
49,paper title,,Other
50,paper title,,Other
51,paper title,,Other
52,paper title,,Other
53,paper title,,Other
54,paper title,,Other
55,paper title,,Other
56,paper title,,Other
57,paper title,,Other
58,paper title,,Other
59,paper title,,Other
60,paper title,,Other
61,paper title,,Other
62,paper title,,Other
63,paper title,,Other
64,paper title,,Other
65,paper title,,Other
66,paper title,,Other
67,paper title,,Other
68,paper title,,Other
69,paper title,,Other
70,paper title,,Other
71,paper title,,Computer Vision
72,paper title,,Natural Language Processing (NLP)
73,paper title,,Natural Language Processing (NLP)
74,paper title,,Computer Vision
75,paper title,,Computer Vision
76,paper title,,Computer Vision
77,paper title,,Computer Vision
78,paper title,,Computer Vision
79,paper title,,Optimization
80,paper title,,Computer Vision
